<?xml version="1.0" encoding="utf-8"?>
<DataModelInfo xmlns:xsd="http://www.w3.org/2001/XMLSchema" xmlns:xsi="http://www.w3.org/2001/XMLSchema-instance" xmlns="http://schemas.qualisystems.com/ResourceManagement/DataModelSchema.xsd">
  <Attributes>
    <AttributeInfo Name="Ansible Playbook URL" Type="String" DefaultValue="" IsReadOnly="false">
      <Rules>
        <Rule Name="Configuration" />
        <Rule Name="Setting" />
      </Rules>
    </AttributeInfo>
    <AttributeInfo Name="Ansible Parameters" Type="String" DefaultValue="" IsReadOnly="false">
      <Rules>
        <Rule Name="Configuration" />
        <Rule Name="Setting" />
      </Rules>
    </AttributeInfo>
    <AttributeInfo Name="User" Type="String" DefaultValue="" Description="" IsReadOnly="false">
      <Rules>
        <Rule Name="Configuration" />
      </Rules>
    </AttributeInfo>
    <AttributeInfo Name="Password" Type="Password" DefaultValue="3M3u7nkDzxWb0aJ/IZYeWw==" Description="" IsReadOnly="false">
      <Rules>
        <Rule Name="Configuration" />
      </Rules>
    </AttributeInfo>
    <AttributeInfo Name="Public IP" Type="String" DefaultValue="" Description="" IsReadOnly="false">
      <Rules>
        <Rule Name="Configuration" />
        <Rule Name="Setting" />
      </Rules>
    </AttributeInfo>
    <AttributeInfo xsi:type="LookupAttributeDetails" Name="AnsibleSelector" Type="Lookup" DefaultValue="A" IsReadOnly="false">
      <Rules>
        <Rule Name="Configuration" />
        <Rule Name="Setting" />
        <Rule Name="Execution Server Selector" />
      </Rules>
      <LookupValues>
        <LookupValue NumericValue="0" StringValue="A" />
        <LookupValue NumericValue="1" StringValue="B" />
        <LookupValue NumericValue="2" StringValue="C" />
      </LookupValues>
    </AttributeInfo>
    <AttributeInfo Name="Timeout Minutes" Type="Numeric" DefaultValue="0" Description="Maximum number of minutes to connect to the target machine." IsReadOnly="false">
      <Rules>
        <Rule Name="Setting" />
      </Rules>
    </AttributeInfo>
    <AttributeInfo Name="repo_password" Type="Password" DefaultValue="3M3u7nkDzxWb0aJ/IZYeWw==" IsReadOnly="false">
      <Rules>
        <Rule Name="Configuration" />
        <Rule Name="Setting" />
      </Rules>
    </AttributeInfo>
    <AttributeInfo Name="repo_username" Type="String" DefaultValue="" IsReadOnly="false">
      <Rules>
        <Rule Name="Configuration" />
        <Rule Name="Setting" />
      </Rules>
    </AttributeInfo>
  </Attributes>
  <ResourceFamilies>
    <ResourceFamily Name="Generic App Family" IsLockedByDefault="true" Description="" IsSearchable="true" ResourceType="Application" AllowRemoteConnection="true">
      <AttachedAttributes />
      <AttributeValues />
      <Models>
        <ResourceModel Name="Generic App Model" Description="" SupportsConcurrentCommands="false">
          <AttachedAttributes>
            <AttachedAttribute Name="Password" IsOverridable="true" IsLocal="true">
              <AllowedValues />
            </AttachedAttribute>
            <AttachedAttribute Name="User" IsOverridable="true" IsLocal="true">
              <AllowedValues />
            </AttachedAttribute>
            <AttachedAttribute Name="Public IP" IsOverridable="true" IsLocal="true">
              <AllowedValues />
            </AttachedAttribute>
          </AttachedAttributes>
          <AttributeValues>
            <AttributeValue Name="Password" Value="3M3u7nkDzxWb0aJ/IZYeWw==" />
            <AttributeValue Name="User" Value="" />
            <AttributeValue Name="Public IP" Value="" />
          </AttributeValues>
          <ParentModels />
          <Drivers />
          <Scripts />
        </ResourceModel>
      </Models>
      <Categories />
    </ResourceFamily>
    <ResourceFamily Name="DUT" Description="" IsSearchable="true" ResourceType="Resource" AllowRemoteConnection="true">
      <AttachedAttributes>
        <AttachedAttribute Name="Ansible Playbook URL" IsOverridable="true" IsLocal="true">
          <AllowedValues />
        </AttachedAttribute>
        <AttachedAttribute Name="Ansible Parameters" IsOverridable="true" IsLocal="true">
          <AllowedValues />
        </AttachedAttribute>
        <AttachedAttribute Name="User" IsOverridable="true" IsLocal="true">
          <AllowedValues />
        </AttachedAttribute>
        <AttachedAttribute Name="Password" IsOverridable="true" IsLocal="true">
          <AllowedValues />
        </AttachedAttribute>
      </AttachedAttributes>
      <AttributeValues>
        <AttributeValue Name="Ansible Playbook URL" Value="" />
        <AttributeValue Name="Ansible Parameters" Value="" />
        <AttributeValue Name="User" Value="" />
        <AttributeValue Name="Password" Value="3M3u7nkDzxWb0aJ/IZYeWw==" />
      </AttributeValues>
      <Models>
        <ResourceModel Name="DUT Model" Description="" SupportsConcurrentCommands="false">
          <AttachedAttributes />
          <AttributeValues>
            <AttributeValue Name="Ansible Playbook URL" Value="" />
            <AttributeValue Name="Ansible Parameters" Value="" />
            <AttributeValue Name="User" Value="" />
            <AttributeValue Name="Password" Value="3M3u7nkDzxWb0aJ/IZYeWw==" />
          </AttributeValues>
          <ParentModels />
          <Drivers />
          <Scripts>
            <ScriptName>DUTExecutePlaybook</ScriptName>
          </Scripts>
        </ResourceModel>
      </Models>
      <Categories />
    </ResourceFamily>
    <ResourceFamily Name="ConfigurationServers" Description="" IsService="true" ServiceType="Regular" AllowRemoteConnection="false">
      <AttachedAttributes />
      <AttributeValues />
      <Models>
        <ResourceModel Name="AnsibleServer" ImagePath="AnsibleServer_Model.png" Description="" SupportsConcurrentCommands="true">
          <AttachedAttributes>
            <AttachedAttribute Name="AnsibleSelector" IsOverridable="true" IsLocal="true" UserInput="true">
              <AllowedValues />
            </AttachedAttribute>
            <AttachedAttribute Name="Timeout Minutes" IsOverridable="true" IsLocal="true" UserInput="true">
              <AllowedValues />
            </AttachedAttribute>
            <AttachedAttribute Name="repo_password" IsOverridable="true" IsLocal="true" UserInput="true">
              <AllowedValues />
            </AttachedAttribute>
            <AttachedAttribute Name="repo_username" IsOverridable="true" IsLocal="true" UserInput="true">
              <AllowedValues />
            </AttachedAttribute>
          </AttachedAttributes>
          <AttributeValues>
            <AttributeValue Name="AnsibleSelector" Value="A" />
            <AttributeValue Name="Timeout Minutes" Value="0" />
            <AttributeValue Name="repo_password" Value="3M3u7nkDzxWb0aJ/IZYeWw==" />
            <AttributeValue Name="repo_username" Value="" />
          </AttributeValues>
          <ParentModels />
          <Drivers>
            <DriverName>Ansible Shell Driver</DriverName>
          </Drivers>
          <Scripts>
            <ScriptName>AnsibleExecutePlaybook</ScriptName>
          </Scripts>
        </ResourceModel>
      </Models>
      <Categories>
        <Category>Applications</Category>
      </Categories>
    </ResourceFamily>
  </ResourceFamilies>
  <DriverDescriptors>
    <DriverDescriptor Name="Ansible Shell Driver" Description="This driver will run an ansible playbook to configure an app" DriverType="PythonDriver" />
    <DriverDescriptor Name="Python Setup &amp; Teardown" Description="This driver is used for running Python scripts in the environment setup and teardown. To use this driver, make sure you select a suitable setup and/or teardown script." DriverType="TestShellDriver" />
  </DriverDescriptors>
  <ScriptDescriptors>
    <ScriptDescriptor Name="DUTExecutePlaybook" Alias="DUTExecutePlaybook">
      <ScriptInputs />
    </ScriptDescriptor>
    <ScriptDescriptor Name="AnsibleExecutePlaybook" Alias="AnsibleExecutePlaybook">
      <ScriptInputs>
        <ScriptInput Name="Ansible_Parameters" />
        <ScriptInput Name="Host_IP" Description="The Host IP to run the ansible script on" />
        <ScriptInput Name="URL" />
        <ScriptInput Name="Username" />
        <ScriptInput Name="Password" />
      </ScriptInputs>
    </ScriptDescriptor>
    <ScriptDescriptor Name="Default Sandbox Setup 2.0" CategoryName="Hidden Commands" Version="1.3.0.30 " Alias="Setup script">
      <ScriptInputs />
    </ScriptDescriptor>
    <ScriptDescriptor Name="Executeallplaybooks" Alias="Executeallplaybooks">
      <ScriptInputs />
    </ScriptDescriptor>
    <ScriptDescriptor Name="Default Sandbox Teardown 2.0" CategoryName="Hidden Commands" Version="1.3.0.30 " Alias="Teardown script">
      <ScriptInputs />
    </ScriptDescriptor>
  </ScriptDescriptors>
</DataModelInfo>