<?xml version="1.0" encoding="utf-8"?>
<ResourceInfo xmlns:xsd="http://www.w3.org/2001/XMLSchema" xmlns:xsi="http://www.w3.org/2001/XMLSchema-instance" Name="DUT2" FolderFullPath="" Address="192.168.85.24" ModelName="DUT Model" xmlns="http://schemas.qualisystems.com/ResourceManagement/ResourceSchema.xsd">
  <Attributes>
    <Attribute Name="Ansible Playbook URL" Value="https://raw.githubusercontent.com/asafc64/ConfigRepo/master/WriteFile.yml" />
    <Attribute Name="Ansible Parameters" Value="a,123456789" />
    <Attribute Name="User" Value="root" />
    <Attribute Name="Password" Value="R23A0HitnA2HYsOuahCExw==" />
  </Attributes>
  <ChildResources />
  <Connections />
</ResourceInfo>