<?xml version="1.0" encoding="utf-8"?>
<TopologyInfo xmlns:xsd="http://www.w3.org/2001/XMLSchema" xmlns:xsi="http://www.w3.org/2001/XMLSchema-instance">
  <Details Name="Ansible as a sandbox service" Alias="Ansible as a sandbox service" Driver="Python Setup &amp; Teardown" SetupDuration="10" TeardownDuration="10" Public="false" DefaultDuration="120">
    <Description>Blueprint with preconfigured setup &amp; teardown processes.Deploys Apps and resolves connections on Setup, and deletes App VMs on Teardown</Description>
    <Categories />
    <Scripts>
      <Script Name="Default Sandbox Setup 2.0" />
      <Script Name="Executeallplaybooks" />
      <Script Name="Default Sandbox Teardown 2.0" />
    </Scripts>
    <Diagram Zoom="1" NodeSize="Medium" />
  </Details>
  <Resources>
    <Resource PositionX="977" PositionY="437" Name="DUT1" Shared="true" />
    <Resource PositionX="645" PositionY="437" Name="DUT2" Shared="true" />
    <Resource PositionX="977" PositionY="194" Name="Generic Resource" Shared="false" />
  </Resources>
  <Services>
    <Service PositionX="645" PositionY="194" Alias="AnsibleServer" ServiceName="AnsibleServer">
      <Attributes>
        <Attribute Name="AnsibleSelector" Value="B" />
        <Attribute Name="Timeout Minutes" Value="0" />
        <Attribute Name="repo_password" Value="54hKweHFkBB2PiKWMQimZ3TggVUGIImUIIg9pfEaWL0=" />
        <Attribute Name="repo_username" Value="" />
      </Attributes>
    </Service>
  </Services>
  <Apps />
</TopologyInfo>